{
  "project_info": {
    "project_number": "202731392694",
    "firebase_url": "https://poker-server-default-rtdb.firebaseio.com",
    "project_id": "poker-server",
    "storage_bucket": "poker-server.appspot.com"
  },
  "client": [
    {
      "client_info": {
        "mobilesdk_app_id": "1:202731392694:android:b8c4a55c0c9551b86c2017",
        "android_client_info": {
          "package_name": "com.example.pokerclient"
        }
      },
      "oauth_client": [
        {
          "client_id": "202731392694-lbgjoqblfb1plh7uunmeut8cbp33qbmv.apps.googleusercontent.com",
          "client_type": 3
        }
      ],
      "api_key": [
        {
          "current_key": "AIzaSyAN6_SQ7lN_PimsZFQ2CDoGyWHSE6OrUzQ"
        }
      ],
      "services": {
        "appinvite_service": {
          "other_platform_oauth_client": [
            {
              "client_id": "202731392694-lbgjoqblfb1plh7uunmeut8cbp33qbmv.apps.googleusercontent.com",
              "client_type": 3
            }
          ]
        }
      }
    }
  ],
  "configuration_version": "1"
}